Category,Description,Категория,Ингредиенты,Описание,"Килокалории, kcal ","Белки","Углеводы","Жиры","Зола","Влага","Клетчатка","Холестерин, mg","Марганец, mg","Селен, mkg","Сахар общее","Тиамин, mg","Major Minerals.Calcium, mg","Major Minerals.Copper, mg","Major Minerals.Iron, mg","Major Minerals.Magnesium, mg","Major Minerals.Phosphorus, mg","Major Minerals.Potassium, mg","Major Minerals.Sodium, mg","Major Minerals.Zinc, mg","Vitamin A - IU, mkg","Vitamin A - RAE, mkg","Vitamin B12, mkg","Vitamin B6, mkg","Vitamin C, mkg","Vitamin E, mkg","Vitamin K, mkg"
WATER,"WATER,BTLD,GENERIC","Вода, соль и сахар",Вода,Обыкновенный,0,0.0,0.0,0.0,0.07,99.98,0.0,0,0.0,0.0,0.0,0.0,10,0.007,0.0,2,0,0,2,0.0,0,0,0.0,0.0,0.0,0.0,0.0
SUGARS,"SUGARS,GRANULATED","Вода, соль и сахар",Сахар,"Белый, Гранулированный",387,0.0,99.98,0.0,0.0,0.03,0.0,0,0.0,0.6,99.91000366,0.0,1,0.0,0.01,0,0,2,0,0.0,0,0,0.0,0.0,0.0,0.0,0.0
SUGARS,"SUGARS,MAPLE","Вода, соль и сахар",Сахар,Кленовый,354,0.1,90.9,0.2,0.8,8.0,0.0,0,4.422,0.8,84.87000275,0.009,90,0.099,1.61,19,3,274,11,6.06,0,0,0.0,0.003,0.0,0.0,0.0
SUGARS,"SUGARS,BROWN","Вода, соль и сахар",Сахар,Коричневый,380,0.12,98.09,0.0,0.45,1.34,0.0,0,0.064,1.2,97.01999664,0.0,83,0.047,0.71,9,4,133,28,0.03,0,0,0.0,0.041,0.0,0.0,0.0
SUGARS,"SUGARS,POWDERED","Вода, соль и сахар",Сахар,Пудра,389,0.0,99.6,0.1,0.0,0.3,0.0,0,0.001,0.6,97.91000366,0.0,1,0.001,0.02,0,0,2,1,0.0,0,0,0.0,0.0,0.0,0.0,0.0
SALT,"SALT,TABLE","Вода, соль и сахар",Соль,Поваренная,0,0.0,0.0,0.0,99.8,0.2,0.0,0,0.1,0.1,0.0,0.0,24,0.03,0.33,1,0,8,38758,0.1,0,0,0.0,0.0,0.0,0.0,0.0
ARTICHOKES,"ARTICHOKES,(GLOBE OR FRENCH),RAW",Зелень и специи,Артишоки,Обыкновенный,47,3.27,10.51,0.15,1.13,84.94,5.400000095,0,0.256,0.2,0.99000001,0.072,44,0.231,1.28,60,90,370,94,0.49,13,1,0.0,0.116,11.7,0.19,14.8
BASIL,"BASIL,FRESH",Зелень и специи,Базилик,Обыкновенный,23,3.15,2.65,0.64,1.49,92.06,1.600000024,0,1.148,0.3,0.300000012,0.034,177,0.385,3.17,64,56,295,4,0.81,5275,264,0.0,0.155,18.0,0.8,414.8
SEAWEED,"SEAWEED,LAVER,RAW",Зелень и специи,Водоросли,Морская Водоросль (Нори),35,5.81,5.11,0.28,3.77,85.03,0.300000012,0,0.988,0.7,0.49000001,0.098,70,0.264,1.8,2,58,356,48,1.05,5202,260,0.0,0.159,39.0,1.0,4.0
SEAWEED,"SEAWEED,KELP,RAW",Зелень и специи,Водоросли,Морская Капуста (Ламинария),43,1.68,9.57,0.56,6.61,81.58,1.299999952,0,0.2,0.7,0.600000024,0.05,168,0.13,2.85,121,42,89,233,1.23,116,6,0.0,0.002,3.0,0.87,66.0
GELATINS,"GELATINS,DRY PDR,UNSWTND",Зелень и специи,Желатин,"Сухой Порошок, Несладкий",335,85.6,0.0,0.1,1.3,13.0,0.0,0,0.105,39.5,0.0,0.025,55,2.161,1.11,22,39,16,196,0.14,0,0,0.0,0.007,0.0,0.0,0.0
PARSNIPS,"PARSNIPS,RAW",Зелень и специи,Пастернак,Обыкновенный,75,1.2,17.99,0.3,0.98,79.53,4.900000095,0,0.56,1.8,4.800000191,0.09,36,0.12,0.59,29,71,375,10,0.59,0,0,0.0,0.09,17.0,1.49,22.5
PARSLEY,"PARSLEY,RAW",Зелень и специи,Петрушка,Обыкновенный,36,2.97,6.33,0.79,2.2,87.71,3.299999952,0,0.16,0.1,0.850000024,0.086,138,0.149,6.2,50,58,554,56,1.07,8424,421,0.0,0.09,133.0,0.75,1640.0
ROSEMARY,"ROSEMARY,FRESH",Зелень и специи,Розмарин,Обыкновенный,131,3.31,20.7,5.86,2.35,67.77,14.10000038,0,0.96,0.0,0.0,0.036,317,0.301,6.65,91,66,668,26,0.93,2924,146,0.0,0.336,21.8,0.0,0.0
ARUGULA,"ARUGULA,RAW",Зелень и специи,Руккола,Обыкновенный,25,2.58,3.65,0.66,1.4,91.71,1.600000024,0,0.321,0.3,2.049999952,0.044,160,0.076,1.46,47,52,369,27,0.47,2373,119,0.0,0.073,15.0,0.43,108.6
SOYBEAN,"SOYBEAN,CURD CHEESE",Зелень и специи,Соя,Соевый Творог (Тофу),151,12.5,6.9,8.1,1.6,70.9,0.0,0,0.889,16.8,1.600000024,0.0,188,0.38,5.6,228,222,199,20,1.72,42,2,0.0,0.07,0.0,0.6,4.6
ASPARAGUS,"ASPARAGUS,RAW",Зелень и специи,Спаржа,Обыкновенный,20,2.2,3.88,0.12,0.58,93.22,2.099999905,0,0.158,2.3,1.879999995,0.143,24,0.189,2.14,14,52,202,2,0.54,756,38,0.0,0.091,5.6,1.13,41.6
THYME,"THYME,FRSH",Зелень и специи,Тимьян,Обыкновенный,101,5.56,24.45,1.68,3.2,65.11,14.0,0,1.719,0.0,0.0,0.048,405,0.555,17.45,160,106,609,9,1.81,4751,238,0.0,0.348,160.1,0.0,0.0
DILL WEED,"DILL WEED,FRSH",Зелень и специи,Укроп,Обыкновенный,43,3.46,7.02,1.12,2.45,85.95,2.099999905,0,1.264,0.0,0.0,0.058,208,0.146,6.59,55,66,738,61,0.91,7718,386,0.0,0.185,85.0,0.0,0.0
SPINACH,"SPINACH,RAW",Зелень и специи,Шпинат,Обыкновенный,23,2.86,3.63,0.39,1.72,91.4,2.200000048,0,0.897,1.0,0.419999987,0.078,99,0.13,2.71,79,49,558,79,0.53,9377,469,0.0,0.195,28.1,2.03,482.9
GINGER,"GINGER,GROUND",Зелень и специи,Имбирь,Молотый,347,9.12,70.79,5.95,4.77,9.38,12.5,0,26.5,38.5,3.390000105,0.046,116,0.48,11.52,184,148,1343,32,4.72,147,7,0.0,0.84,7.0,18.02,0.8																					
CORN,"CORN,SWEET,YELLOW,RAW",Крупы,Кукуруза,Обыкновенный,86,3.22,19.02,1.18,0.62,75.96,2.700000048,0,0.161,0.6,3.220000029,0.2,2,0.054,0.52,37,89,270,15,0.45,187,9,0.0,0.055,6.8,0.07,0.3
MILLET,"MILLET,RAW",Крупы,Просо,Обыкновенный,378,11.02,72.85,4.22,3.25,8.67,8.5,0,1.632,2.7,0.0,0.421,8,0.75,3.01,114,285,195,5,1.68,0,0,0.0,0.384,0.0,0.05,0.9
WHEAT,"WHEAT,SOFT WHITE",Крупы,Пшеница,Мягкая Белая,340,10.69,75.36,1.99,1.54,10.42,12.69999981,0,3.406,0.0,0.409999996,0.41,34,0.426,5.37,90,402,435,2,3.46,9,0,0.0,0.378,0.0,1.01,1.9
WHEAT,"WHEAT,SOFT RED WINTER",Крупы,Пшеница,Мягкая Красная,331,10.35,74.24,1.56,1.68,12.17,12.5,0,4.391,0.0,0.409999996,0.394,27,0.45,3.21,126,493,397,2,2.63,0,0,0.0,0.272,0.0,1.01,0.0
WHEAT,"WHEAT,HARD WHITE",Крупы,Пшеница,Твёрдая Белая,342,11.31,75.9,1.71,1.52,9.57,12.19999981,0,3.821,0.0,0.409999996,0.387,32,0.363,4.56,93,355,432,2,3.33,9,0,0.0,0.368,0.0,1.01,1.9
WHEAT,"WHEAT,HARD RED WINTER",Крупы,Пшеница,Твёрдая Красная,327,12.61,71.18,1.54,1.57,13.1,12.19999981,0,3.985,70.7,0.409999996,0.383,29,0.434,3.19,126,288,363,2,2.65,9,0,0.0,0.3,0.0,1.01,1.9
RICE,"RICE,WHITE,LONG-GRAIN,REG,RAW,ENR",Крупы,Рис,"Белый, Длиннозерный",365,7.13,79.95,0.66,0.64,11.62,1.299999952,0,1.088,15.1,0.119999997,0.576,28,0.22,4.31,25,115,115,5,1.09,0,0,0.0,0.164,0.0,0.11,0.1
RICE,"RICE,WHITE,SHORT-GRAIN,RAW",Крупы,Рис,"Белый, Круглозерный (Короткозерный)",358,6.5,79.15,0.52,0.54,13.29,2.799999952,0,1.037,15.1,0.0,0.565,3,0.21,4.23,23,95,76,1,1.1,0,0,0.0,0.171,0.0,0.0,0.0
RICE,"RICE,WHITE,MEDIUM-GRAIN,RAW,ENR",Крупы,Рис,"Белый, Среднезерный",360,6.61,79.34,0.58,0.58,12.89,1.399999976,0,1.1,15.1,0.0,0.578,9,0.11,4.36,35,108,86,1,1.16,0,0,0.0,0.145,0.0,0.11,0.0
RICE,"RICE,BROWN,LONG-GRAIN,RAW",Крупы,Рис,"Коричневый, Длиннозерный",370,7.94,77.24,2.92,1.53,10.37,3.5,0,3.743,23.4,0.850000024,0.401,23,0.277,1.47,143,333,223,7,2.02,0,0,0.0,0.509,0.0,1.2,1.9
RICE,"RICE,BROWN,MEDIUM-GRAIN,RAW",Крупы,Рис,"Коричневый, Среднезерный",362,7.5,76.17,2.68,1.27,12.37,3.400000095,0,3.743,0.0,0.0,0.413,33,0.277,1.8,143,264,268,4,2.02,0,0,0.0,0.509,0.0,0.68,0.0
SORGHUM,SORGHUM,Крупы,Сорго,Обыкновенный,339,11.3,74.63,3.3,1.57,9.2,6.300000191,0,0.0,0.0,0.0,0.237,28,0.0,4.4,0,287,350,6,0.0,0,0,0.0,0.0,0.0,0.0,0.0
SEEDS,"SEEDS,FLAXSEED",Крупы,Семена,Льна,534,18.29,28.88,42.16,3.72,6.96,27.29999924,0,2.482,25.4,1.549999952,1.644,255,1.22,5.73,392,642,813,30,4.34,0,0,0.0,0.473,0.6,0.31,4.3
OATS,OATS,Крупы,Овес,Обыкновенный,389,16.89,66.27,6.9,1.72,8.22,10.60000038,0,4.916,0.0,0.0,0.763,54,0.626,4.72,177,523,429,2,3.97,0,0,0.0,0.119,0.0,01.09,0.0																					
BARLEY,"BARLEY,PEARLED,RAW",Крупы,Перловка,Обыкновенный,352,9.91,77.72,1.16,1.11,10.09,15.60000038,0,1.322,37.7,0.800000012,0.191,29,0.42,2.5,79,221,280,9,2.13,22,1,0.0,0.26,0.0,0.02,2.2
SUNFLOWER SD KRNLS,"SUNFLOWER SD KRNLS,DRIED",Крупы,Семена,Подсолнечника,584,20.78,20.0,51.46,3.02,4.73,8.600000381,0,1.95,53.0,2.619999886,1.48,78,1.8,5.25,325,660,645,9,5.0,50,3,0.0,1.345,1.4,33.23,0.0
PUMPKIN&SQUASH SD KRNLS,"PUMPKIN&SQUASH SD KRNLS,DRIED",Крупы,Семена,Тыквы и кабочка,541,24.54,17.81,45.85,4.88,6.92,3.900000095,0,3.021,5.6,1.0,0.21,43,1.387,14.97,535,1174,807,18,7.46,380,19,0.0,0.224,1.9,0.0,51.4
SOYBEANS,"SOYBEANS,GREEN,RAW",Крупы,Соевые Бобы,Обыкновенный,147,12.95,11.05,6.8,1.7,67.5,4.199999809,0,0.547,1.5,0.0,0.435,197,0.128,3.55,65,194,620,15,0.99,180,9,0.0,0.065,29.0,0.0,0.0
LENTILS,"LENTILS,RAW",Крупы,Чечевица,Обыкновенный,353,25.8,60.08,1.06,2.67,10.4,30.5,0,1.33,8.3,2.029999971,0.873,56,0.519,7.54,122,451,955,6,4.78,39,2,0.0,0.54,4.4,0.49,5.0
FAT,"FAT,MUTTON TALLOW",Масло и жир,Животный Жир,Бараний,902,0.0,0.0,100.0,0.0,0.0,0.0,102,0.0,0.2,0.0,0.0,0,0.0,0.0,0,0,0,0,0.0,0,0,0.0,0.0,0.0,2.8,0.0
FAT,"FAT,BEEF TALLOW",Масло и жир,Животный Жир,Говяжий,902,0.0,0.0,100.0,0.0,0.0,0.0,109,0.0,0.2,0.0,0.0,0,0.0,0.0,0,0,0,0,0.0,0,0,0.0,0.0,0.0,2.7,0.0
FAT,"FAT,GOOSE",Масло и жир,Животный Жир,Гусиный,900,0.0,0.0,99.8,0.0,0.2,0.0,100,0.0,0.2,0.0,0.0,0,0.0,0.0,0,0,0,0,0.0,0,0,0.0,0.0,0.0,2.7,0.0
CHICKEN,"CHICKEN,BROILERS OR FRYERS,FAT,RAW",Масло и жир,Животный Жир,Куринный,629,3.73,0.0,67.95,0.28,28.91,0.0,58,0.014,9.7,0.0,0.021,7,0.029,0.7,6,54,64,32,0.45,509,130,0.07,0.02,0.0,2.73,2.4																					
BUTTER,"BUTTER,WITHOUT SALT",Масло и жир,Масло,Сливочное,717,0.85,0.06,81.11,0.04,17.94,0.0,215,0.004,1.0,0.059999999,0.005,24,0.016,0.02,2,24,24,11,0.09,2499,684,0.17,0.003,0.0,2.32,7.0
OIL,"OIL,OLIVE,SALAD OR COOKING",Масло и жир,Растительное Масло,Оливковое,884,0.0,0.0,100.0,0.0,0.0,0.0,0,0.0,0.0,0.0,0.0,1,0.0,0.56,0,0,1,2,0.0,0,0,0.0,0.0,0.0,14.35,60.2
OIL,"OIL,VEG,SUNFLOWER,LINOLEIC,(APPROX. 65%)",Масло и жир,Растительное Масло,"Подсолнечное, Линолевое (Около 65%)",884,0.0,0.0,100.0,0.0,0.0,0.0,0,0.0,0.0,0.0,0.0,0,0.0,0.0,0,0,0,0,0.0,0,0,0.0,0.0,0.0,41.08,5.4
OIL,"OIL,SOYBN,SALAD OR COOKING",Масло и жир,Растительное Масло,Соевое,884,0.0,0.0,100.0,0.0,0.0,0.0,0,0.0,0.0,0.0,0.0,0,0.0,0.05,0,0,0,0,0.01,0,0,0.0,0.0,0.0,8.18,183.9
VEGETABLE,"OIL	VEGETABLE OIL,COCONUT",Масло и жир,Растительное Масло,Кокосовое,862,0.0,0.0,100.0,0.0,0.0,0.0,0,0.0,0.0,0.0,0.0,0,0.0,0.04,0,0,0,0,0.0,0,0,0.0,0.0,0.0,0.09,0.5																					
FISH OIL,"FISH OIL,COD LIVER",Масло и жир,Рыбий Жир,Печень Трески,902,0.0,0.0,100.0,0.0,0.0,0.0,570,0.0,0.0,0.0,0.0,0,0.0,0.0,0,0,0,0,0.0,100000,30000,0.0,0.0,0.0,0.0,0.0
BEEF,"BEEF,BRISKET,WHL,LN,ALL GRDS,RAW",Мясо,Говядина,Грудинка,155,20.72,0.0,7.37,1.02,70.29,0.0,62,0.014,16.4,0.0,0.1,5,0.08,1.92,23,201,330,79,4.31,0,0,2.43,0.42,0.0,0.32,1.3
BEEF,"BEEF,VAR MEATS&BY-PRODUCTS,LUNGS,RAW",Мясо,Говядина,Лёгкие,92,16.2,0.0,2.5,0.98,79.38,0.0,242,0.019,44.3,0.0,0.047,10,0.26,7.95,14,224,340,198,1.61,46,14,3.81,0.04,38.5,0.0,0.0
BEEF,"BEEF,VAR MEATS&BY-PRODUCTS,LIVER,RAW",Мясо,Говядина,Печень,135,20.36,3.89,3.63,1.31,70.81,0.0,275,0.31,39.7,0.0,0.189,5,9.755,4.9,18,387,313,69,4.0,16898,4968,59.3,1.083,1.3,0.38,3.1
BEEF,"BEEF,VAR MEATS&BY-PRODUCTS,KIDNEYS,RAW",Мясо,Говядина,Почки,103,17.4,0.29,3.09,1.33,77.89,0.0,411,0.142,141.0,0.0,0.357,13,0.426,4.6,17,257,262,182,1.92,1397,419,27.5,0.665,9.4,0.22,0.0
BEEF,"BEEF,VAR MEATS&BY-PRODUCTS,HEART,RAW",Мясо,Говядина,Сердце,112,17.72,0.14,3.94,1.1,77.11,0.0,124,0.035,21.8,0.0,0.238,7,0.396,4.31,21,212,287,98,1.7,0,0,8.55,0.279,2.0,0.22,0.0
BEEF,"BEEF,VAR MEATS&BY-PRODUCTS,TONGUE,RAW",Мясо,Говядина,Язык,224,14.9,3.68,16.09,0.8,64.53,0.0,87,0.026,9.4,0.0,0.125,6,0.17,2.95,16,133,315,69,2.87,0,0,3.79,0.31,3.1,0.0,0.0
GOOSE,"GOOSE,DOMESTICATED,MEAT ONLY,RAW",Мясо,Гусятина,Мясо,161,22.75,0.0,7.13,1.1,68.3,0.0,84,0.024,16.8,0.0,0.129,13,0.306,2.57,24,312,420,87,2.34,40,12,0.49,0.64,7.2,0.0,0.0
GOOSE,"GOOSE,LIVER,RAW",Мясо,Гусятина,Печень,133,16.37,6.32,4.28,1.25,71.78,0.0,515,0.0,68.1,0.0,0.562,43,7.522,30.53,24,261,230,140,3.07,30998,9309,54.0,0.76,4.5,0.0,0.0
TURKEY,"TURKEY,ALL CLASSES,LT MEAT,RAW",Мясо,Индейка,Белое Мясо,115,23.56,0.0,1.56,1.0,73.82,0.0,60,0.019,24.4,0.0,0.064,12,0.075,1.19,27,204,305,63,1.62,0,0,0.45,0.56,0.0,0.0,0.0
TURKEY,"TURKEY,GIZZARD,ALL CLASSES,RAW",Мясо,Индейка,Желудки,118,19.14,0.0,4.58,1.0,76.18,0.0,197,0.048,29.2,0.0,0.04,6,0.114,4.31,16,140,322,72,2.86,0,0,6.86,0.12,6.2,0.05,0.0
TURKEY,"TURKEY,ALL CLASSES,MEAT ONLY,RAW",Мясо,Индейка,Мясо,119,21.77,0.0,2.86,0.97,74.16,0.0,65,0.021,26.5,0.0,0.072,14,0.109,1.45,25,195,296,70,2.37,0,0,0.43,0.47,0.0,0.35,2.7
TURKEY,"TURKEY,LIVER,ALL CLASSES,RAW",Мясо,Индейка,Печень,228,17.84,2.26,16.36,1.25,62.29,0.0,331,0.195,70.8,0.0,0.153,5,0.407,12.0,15,279,255,71,2.26,72382,21702,49.4,1.47,24.5,0.12,0.8
TURKEY,"TURKEY,HEART,ALL CLASSES,RAW",Мясо,Индейка,Сердце,113,17.13,0.41,4.79,1.05,76.62,0.0,147,0.058,35.9,0.0,0.212,6,0.394,4.18,22,222,295,94,3.37,107,23,15.4,0.441,3.0,0.04,0.0
TURKEY,"TURKEY,ALL CLASSES,DK MEAT,RAW",Мясо,Индейка,Тёмное Мясо,125,20.07,0.0,4.38,0.93,74.48,0.0,69,0.022,28.6,0.0,0.081,17,0.147,1.75,22,184,286,77,3.22,0,0,0.4,0.36,0.0,0.0,0.0
GOAT,"GOAT,RAW",Мясо,Козлятина,Мясо,109,20.6,0.0,2.31,1.11,75.84,0.0,57,0.038,8.8,0.0,0.11,13,0.256,2.83,0,180,385,82,4.0,0,0,1.13,0.0,0.0,0.0,0.0
CHICKEN,"CHICKEN,BROILERS OR FRYERS,BREAST,MEAT ONLY,RAW",Мясо,Курица,Грудка,110,23.09,0.0,1.24,1.02,74.76,0.0,58,0.018,17.8,0.0,0.07,11,0.041,0.72,28,196,255,65,0.8,21,6,0.38,0.55,1.2,0.13,0.2
CHICKEN,"CHICKEN,GIZZARD,ALL CLASSES,RAW",Мясо,Курица,Желудок,94,17.66,0.0,2.06,0.95,79.33,0.0,240,0.055,25.5,0.0,0.028,11,0.116,2.49,15,148,237,69,2.72,64,19,1.21,0.112,3.7,0.33,0.0
CHICKEN,"CHICKEN,BROILERS OR FRYERS,MEAT ONLY,RAW",Мясо,Курица,Мясо,119,21.39,0.0,3.08,0.96,75.46,0.0,70,0.019,15.7,0.0,0.073,12,0.053,0.89,25,173,229,77,1.54,52,16,0.37,0.43,2.3,0.21,1.8
CHICKEN,"CHICKEN,BROILERS OR FRYERS,LEG,MEAT ONLY,RAW",Мясо,Курица,Нога,120,20.13,0.0,3.81,0.94,76.13,0.0,80,0.021,13.5,0.0,0.079,11,0.064,1.02,23,167,229,86,2.06,61,18,0.36,0.33,0.0,0.32,2.9
CHICKEN,"CHICKEN,LIVER,ALL CLASSES,RAW",Мясо,Курица,Печень,116,16.92,0.0,4.83,1.06,76.46,0.0,345,0.255,54.6,0.0,0.305,8,0.492,8.99,19,297,230,71,2.67,11078,3296,16.58,0.853,17.9,0.7,0.0
CHICKEN,"CHICKEN,HEART,ALL CLASSES,RAW",Мясо,Курица,Сердце,153,15.55,0.71,9.33,0.85,73.56,0.0,136,0.089,4.3,0.0,0.152,12,0.346,5.96,15,177,176,74,6.59,30,9,7.29,0.36,3.2,0.0,0.0
QUAIL,"QUAIL,BREAST,MEAT ONLY,RAW",Мясо,Перепелка,Грудка,123,22.59,0.0,2.99,1.27,71.67,0.0,58,0.018,18.8,0.0,0.24,10,0.433,2.31,28,228,260,55,2.7,37,11,0.47,0.53,5.1,0.0,0.0
QUAIL,"QUAIL,MEAT ONLY,RAW",Мясо,Перепелка,Мясо,134,21.76,0.0,4.53,1.32,70.03,0.0,70,0.019,17.4,0.0,0.283,13,0.594,4.51,25,307,237,51,2.7,57,17,0.47,0.53,7.2,0.0,0.0
PORK,"PORK,FRSH,VAR MEATS&BY-PRODUCTS,STOMACH,RAW",Мясо,Свинина,Желудок,159,16.85,0.0,10.14,0.63,73.5,0.0,223,0.038,31.1,0.0,0.051,11,0.169,1.01,11,130,140,75,1.85,0,0,0.3,0.034,0.0,0.04,0.0
PORK,"PORK,FRSH,LOIN,WHL,LN,RAW",Мясо,Свинина,Мясо,143,21.43,0.0,5.66,1.05,72.23,0.0,59,0.012,36.1,0.0,0.989,17,0.062,0.84,23,211,389,52,1.84,7,2,0.63,0.527,0.6,0.18,0.0
PORK,"PORK,FRSH,VAR MEATS&BY-PRODUCTS,LIVER,RAW",Мясо,Свинина,Печень,134,21.39,2.47,3.65,1.44,71.06,0.0,301,0.344,52.7,0.0,0.283,9,0.677,23.3,18,288,273,87,5.76,21650,6502,26.0,0.69,25.3,0.0,0.0
PORK,"PORK,FRSH,VAR MEATS&BY-PRODUCTS,KIDNEYS,RAW",Мясо,Свинина,Почки,100,16.46,0.0,3.25,1.17,80.06,0.0,319,0.123,190.0,0.0,0.34,9,0.622,4.89,17,204,229,121,2.75,198,59,8.49,0.44,13.3,0.0,0.0
PORK,"PORK,FRSH,VAR MEATS&BY-PRODUCTS,HEART,RAW",Мясо,Свинина,Сердце,118,17.27,1.33,4.36,0.84,76.21,0.0,131,0.063,10.4,0.0,0.613,5,0.408,4.68,19,169,294,56,2.8,25,8,3.79,0.39,5.3,0.63,0.0
PORK,"PORK,FRSH,VAR MEATS&BY-PRODUCTS,TAIL,RAW",Мясо,Свинина,Хвост,378,17.75,0.0,33.5,0.5,46.05,0.0,97,0.011,2.7,0.0,0.21,18,0.084,0.99,8,50,349,63,2.31,0,0,0.88,0.37,0.0,0.0,0.0
PORK,"PORK,FRSH,VAR MEATS&BY-PRODUCTS,TONGUE,RAW",Мясо,Свинина,Язык,225,16.3,0.0,17.2,0.9,65.9,0.0,101,0.011,10.4,0.0,0.49,16,0.07,3.35,18,193,243,110,3.01,0,0,2.84,0.24,4.4,0.29,0.0
VEAL,"VEAL,VAR MEATS&BY-PRODUCTS,LUNGS,RAW",Мясо,Телятина,Легкие,90,16.3,0.0,2.3,1.1,80.5,0.0,229,0.018,17.2,0.0,0.047,7,0.241,5.23,12,288,274,108,1.16,0,0,3.83,0.11,39.0,0.0,0.0
VEAL,"VEAL,COMP OF RTL CUTS,LN,RAW",Мясо,Телятина,Мясо,112,20.2,0.0,2.87,1.08,75.91,0.0,83,0.029,8.6,0.0,0.08,15,0.113,0.85,25,211,328,86,3.23,0,0,1.4,0.43,0.0,0.26,0.0
VEAL,"VEAL,VAR MEATS&BY-PRODUCTS,LIVER,RAW",Мясо,Телятина,Печень,140,19.93,2.91,4.85,1.42,70.89,0.0,334,0.255,22.7,0.0,0.173,5,11.865,6.4,20,379,308,77,12.02,39056,11707,59.85,0.957,0.7,0.37,0.9
VEAL,"VEAL,VAR MEATS&BY-PRODUCTS,KIDNEYS,RAW",Мясо,Телятина,Почки,99,15.76,0.85,3.12,1.2,79.07,0.0,364,0.08,80.0,0.0,0.32,11,0.494,3.36,16,241,272,178,1.97,308,92,28.2,0.37,5.0,0.0,0.0
VEAL,"VEAL,VAR MEATS&BY-PRODUCTS,HEART,RAW",Мясо,Телятина,Сердце,110,17.18,0.08,3.98,1.07,77.69,0.0,104,0.036,33.3,0.0,0.52,5,0.34,4.24,18,211,261,77,1.47,0,0,13.76,0.43,8.0,0.0,0.0
VEAL,"VEAL,VAR MEATS&BY-PRODUCTS,TONGUE,RAW",Мясо,Телятина,Язык,131,17.18,1.91,5.48,0.89,74.53,0.0,62,0.023,7.0,0.0,0.17,7,0.2,2.72,17,159,271,82,2.63,1,0,6.1,0.19,5.0,0.0,0.0
DUCK,"DUCK,DOMESTICATED,MEAT ONLY,RAW",Мясо,Утятина,Мясо,132,18.28,0.0,5.95,1.06,73.77,0.0,77,0.019,13.9,0.0,0.36,11,0.253,2.4,19,203,271,74,1.9,79,24,0.4,0.34,5.8,0.7,2.8
DUCK,"DUCK,DOMESTICATED,LIVER,RAW",Мясо,Утятина,Печень,136,18.74,3.53,4.64,1.32,71.78,0.0,515,0.258,67.0,0.0,0.562,11,5.962,30.53,24,269,230,140,3.07,39907,11984,54.0,0.76,4.5,0.0,0.0
GUINEA HEN,"GUINEA HEN,MEAT ONLY,RAW",Мясо,Цесарка,Мясо,110,20.64,0.0,2.47,1.25,74.44,0.0,63,0.018,17.5,0.0,0.067,11,0.044,0.77,24,169,220,69,1.2,41,12,0.37,0.47,1.7,0.0,0.0
LAMB,"LAMB,VAR MEATS&BY-PRODUCTS,LUNGS,RAW",Мясо,Ягненок,Лёгкие,95,16.7,0.0,2.6,1.1,79.7,0.0,0,0.019,17.7,0.0,0.048,10,0.254,6.4,14,219,238,157,1.8,89,27,3.93,0.11,31.0,0.0,0.0
LAMB,"LAMB,VAR MEATS&BY-PRODUCTS,MECHANICALLY SEPARATED,RAW",Мясо,Ягненок,Мясо,276,14.97,0.0,23.54,1.21,58.68,0.0,213,0.012,20.1,0.0,0.072,162,0.058,5.9,18,337,288,59,3.72,0,0,2.56,0.11,0.0,0.0,0.0
LAMB,"LAMB,VAR MEATS&BY-PRODUCTS,LIVER,RAW",Мясо,Ягненок,Печень,139,20.38,1.78,5.02,1.44,71.37,0.0,371,0.184,82.4,0.0,0.34,7,6.979,7.37,19,364,313,70,4.66,24612,7391,90.05,0.9,4.0,0.0,0.0
LAMB,"LAMB,VAR MEATS&BY-PRODUCTS,KIDNEYS,RAW",Мясо,Ягненок,Почки,97,15.74,0.82,2.95,1.26,79.23,0.0,337,0.118,126.9,0.0,0.62,13,0.446,6.38,17,246,277,156,2.24,316,95,52.41,0.22,11.0,0.0,0.0
LAMB,"LAMB,VAR MEATS&BY-PRODUCTS,HEART,RAW",Мясо,Ягненок,Сердце,122,16.47,0.21,5.68,0.93,76.71,0.0,135,0.046,32.0,0.0,0.37,6,0.397,4.6,17,175,316,89,1.87,0,0,10.25,0.39,5.0,0.0,0.0
LAMB,"LAMB,VAR MEATS&BY-PRODUCTS,TONGUE,RAW",Мясо,Ягненок,Язык,222,15.7,0.0,17.17,0.92,66.6,0.0,156,0.049,15.0,0.0,0.15,9,0.212,2.65,21,184,257,78,2.32,0,0,7.2,0.18,6.0,0.0,0.0
TROUT,"TROUT,MIXED SPECIES,RAW",Мясо,Рыба,Форель,148,20.77,0.0,6.61,1.17,71.42,0.0,58,0.851,12.6,0.0,0.35,43,0.188,1.5,22,245,361,52,0.66,57,17,7.79,0.2,0.5,0.2,0.1
EGGPLANT,"EGGPLANT,RAW",Овощи и фрукты,Баклажан,Обыкновенный,24,1.01,5.7,0.19,0.7,92.41,3.400000095,0,0.25,0.3,2.349999905,0.039,9,0.082,0.24,14,25,230,2,0.16,27,1,0.0,0.084,2.2,0.3,3.5
PEAS,"PEAS,EDIBLE-PODDED,RAW",Овощи и фрукты,Горох,В Стручках,42,2.8,7.55,0.2,0.56,88.89,2.599999905,0,0.244,0.7,4.0,0.15,43,0.079,2.08,24,53,200,4,0.27,1087,54,0.0,0.16,60.0,0.39,25.0
PEAS,"PEAS,GREEN,RAW",Овощи и фрукты,Горох,Зелёный Горошек,81,5.42,14.45,0.4,0.87,78.86,5.099999905,0,0.41,1.8,5.670000076,0.266,25,0.176,1.47,33,108,244,5,1.24,765,38,0.0,0.169,40.0,0.13,24.8
SQUASH,"SQUASH,SMMR,ALL VAR,RAW",Овощи и фрукты,Кабачок,Обыкновенный,16,1.21,3.35,0.18,0.62,94.64,1.100000024,0,0.175,0.2,2.200000048,0.048,15,0.051,0.35,17,38,262,2,0.29,200,10,0.0,0.218,17.0,0.12,3.0
CABBAGE,"CABBAGE,RAW",Овощи и фрукты,Капуста,Белокочанная,25,1.28,5.8,0.1,0.64,92.18,2.5,0,0.16,0.3,3.200000048,0.061,40,0.019,0.47,12,26,170,18,0.18,98,5,0.0,0.124,36.6,0.15,76.0
BROCCOLI,"BROCCOLI,RAW",Овощи и фрукты,Капуста,Брокколи,34,2.82,6.64,0.37,0.87,89.3,2.599999905,0,0.21,2.5,1.700000048,0.071,47,0.049,0.73,21,66,316,33,0.41,623,31,0.0,0.175,89.2,0.78,101.6
BRUSSELS SPROUTS,"BRUSSELS SPROUTS,RAW",Овощи и фрукты,Капуста,Брюссельская,43,3.38,8.95,0.3,1.37,86.0,3.799999952,0,0.337,1.6,2.200000048,0.139,42,0.07,1.4,23,69,389,25,0.42,754,38,0.0,0.219,85.0,0.88,177.0
CABBAGE,"CABBAGE,RED,RAW",Овощи и фрукты,Капуста,Краснокочанная,31,1.43,7.37,0.16,0.64,90.39,2.099999905,0,0.243,0.6,3.829999924,0.064,45,0.017,0.8,16,30,243,27,0.22,1116,56,0.0,0.209,57.0,0.11,38.2
CAULIFLOWER,"CAULIFLOWER,RAW",Овощи и фрукты,Капуста,Цветная,25,1.98,5.3,0.1,0.71,91.91,2.5,0,0.156,0.6,2.400000095,0.057,22,0.042,0.44,15,44,303,30,0.28,13,1,0.0,0.222,46.4,0.08,16.0
POTATO,"POTATO,FLESH & SKN,RAW",Овощи и фрукты,Картофель,Обыкновенный,77,2.02,17.47,0.09,1.08,79.34,2.200000048,0,0.153,0.3,0.779999971,0.08,12,0.108,0.78,23,57,421,6,0.29,2,0,0.0,0.295,19.7,0.01,1.9
CARROTS,"CARROTS,RAW",Овощи и фрукты,Морковь,Обыкновенный,41,0.93,9.58,0.24,0.97,88.29,2.799999952,0,0.143,0.1,4.739999771,0.066,33,0.045,0.3,12,35,320,69,0.24,16706,835,0.0,0.138,5.9,0.66,13.2
CUCUMBER,"CUCUMBER,WITH PEEL,RAW",Овощи и фрукты,Огурец,Обыкновенный,15,0.65,3.63,0.11,0.38,95.23,0.5,0,0.079,0.3,1.669999957,0.027,16,0.041,0.28,13,24,147,2,0.2,105,5,0.0,0.04,2.8,0.03,16.4
CASHEW NUTS,"CASHEW NUTS,DRY RSTD,WO/SALT",Овощи и фрукты,Орехи,"Кешью, жареные",574,15.31,32.69,46.35,3.95,1.7,3.0,0,0.826,11.7,5.010000229,0.2,45,2.22,6.0,260,490,565,16,5.6,0,0,0.0,0.256,0.0,0.92,34.7
PEPPERS,"PEPPERS,SWT,GRN,RAW",Овощи и фрукты,Перец,Сладкий Зелёный,20,0.86,4.64,0.17,0.43,93.89,1.700000048,0,0.122,0.0,2.400000095,0.057,10,0.066,0.34,10,20,175,3,0.13,370,18,0.0,0.224,80.4,0.37,7.4
PEPPERS,"PEPPERS,SWT,RED,RAW",Овощи и фрукты,Перец,Сладкий Красный,31,0.99,6.03,0.3,0.47,92.21,2.099999905,0,0.112,0.1,4.199999809,0.054,7,0.017,0.43,12,26,211,4,0.25,3131,157,0.0,0.291,127.7,1.58,4.9
TOMATOES,"TOMATOES,RED,RIPE,RAW,YEAR RND AVERAGE",Овощи и фрукты,Помидоры,Обыкновенный,18,0.88,3.92,0.2,0.5,94.5,1.200000048,0,0.114,0.0,2.630000114,0.037,10,0.059,0.27,11,24,237,5,0.17,833,42,0.0,0.08,12.7,0.54,7.9
TURNIPS,"TURNIPS,RAW",Овощи и фрукты,Репа,Обыкновенный,28,0.9,6.43,0.1,0.7,91.87,1.799999952,0,0.134,0.7,3.799999952,0.04,30,0.085,0.3,11,27,191,67,0.27,0,0,0.0,0.09,21.0,0.03,0.1
BEETS,"BEETS,RAW",Овощи и фрукты,Свёкла,Обыкновенный,43,1.61,9.56,0.17,1.08,87.58,2.799999952,0,0.329,0.7,6.760000229,0.031,16,0.075,0.8,23,40,325,78,0.35,33,2,0.0,0.067,4.9,0.04,0.2
PUMPKIN,"PUMPKIN,RAW",Овощи и фрукты,Тыква,Обыкновенный,26,1.0,6.5,0.1,0.8,91.6,0.5,0,0.125,0.3,1.360000014,0.05,21,0.127,0.8,12,44,340,1,0.32,7384,369,0.0,0.061,9.0,1.06,1.1
BEANS,"BEANS,NAVY,MATURE SEEDS,SPROUTED,RAW",Овощи и фрукты,Фасоль,"Бела, Пророщенные",67,6.15,13.05,0.7,0.95,79.15,0.0,0,0.408,0.6,0.0,0.39,15,0.356,1.93,101,100,307,13,0.89,4,0,0.0,0.191,18.8,0.0,0.0
BEANS,"BEANS,SNAP,GREEN,RAW",Овощи и фрукты,Фасоль,"Зелёная Стручковая Фасоль,",31,1.82,7.13,0.12,0.66,90.27,3.400000095,0,0.214,0.6,1.399999976,0.084,37,0.069,1.04,25,38,209,6,0.24,690,35,0.0,0.074,16.3,0.41,14.4
BEANS,"BEANS,KIDNEY,MATURE SEEDS,SPROUTED,RAW",Овощи и фрукты,Фасоль,"Красная, Пророщенные",29,4.2,4.1,0.5,0.5,90.7,0.0,0,0.182,0.6,0.0,0.37,17,0.159,0.81,21,37,187,6,0.4,2,0,0.0,0.085,38.7,0.0,0.0
APRICOTS,"APRICOTS,RAW",Овощи и фрукты,Фрукты,Абрикосы,48,1.4,11.12,0.39,0.75,86.35,2.0,0,0.077,0.1,9.239999771,0.03,13,0.078,0.39,10,23,259,1,0.2,1926,96,0.0,0.054,10.0,0.89,3.3
BANANAS,"BANANAS,RAW",Овощи и фрукты,Фрукты,Бананы,89,1.09,22.84,0.33,0.82,74.91,2.599999905,0,0.27,1.0,12.22999954,0.031,5,0.078,0.26,27,22,358,1,0.15,64,3,0.0,0.367,8.7,0.1,0.5
PEARS,"PEARS,RAW",Овощи и фрукты,Фрукты,Груши,58,0.38,15.46,0.12,0.33,83.71,3.099999905,0,0.049,0.1,9.800000191,0.012,9,0.082,0.17,7,11,119,1,0.1,23,1,0.0,0.028,4.2,0.12,4.5
APPLES,"APPLES,RAW,WITH SKIN",Овощи и фрукты,Фрукты,Яблоки,52,0.26,13.81,0.17,0.19,85.56,2.400000095,0,0.035,0.0,10.39000034,0.017,6,0.027,0.12,5,11,107,1,0.04,54,3,0.0,0.041,4.6,0.18,2.2
BLACKBERRIES,"BLACKBERRIES,RAW",Овощи и фрукты,Ягода,Ежевика,43,1.39,9.61,0.49,0.37,88.15,5.300000191,0,0.646,0.4,4.8800001139999996,0.02,29,0.165,0.62,20,22,162,1,0.53,214,11,0.0,0.03,21.0,1.17,19.8
STRAWBERRIES,"STRAWBERRIES,RAW",Овощи и фрукты,Ягоды,Клубника,32,0.67,7.68,0.3,0.4,90.95,2.0,0,0.386,0.4,4.889999866,0.024,16,0.048,0.41,13,24,153,1,0.14,12,1,0.0,0.047,58.8,0.29,2.2
CRANBERRIES,"CRANBERRIES,RAW",Овощи и фрукты,Ягоды,Клюквы,46,0.39,12.2,0.13,0.15,87.13,4.599999905,0,0.36,0.1,4.039999962,0.012,8,0.061,0.25,6,13,85,2,0.1,60,3,0.0,0.057,13.3,1.2,5.1
BLUEBERRIES,"BLUEBERRIES,RAW",Овощи и фрукты,Ягоды,Черника,57,0.74,14.49,0.33,0.24,84.21,2.400000095,0,0.336,0.1,9.960000038,0.037,6,0.057,0.28,6,12,77,1,0.16,54,3,0.0,0.052,9.7,0.57,19.3
YOGURT,"YOGURT,PLN,SKIM MILK,13 GRAMS PROT PER 8 OZ",Яйца и Молочные продукты,Йогурт,"Из Обезжиренного Молока, 13 Г Белка На 226 Г",56,5.73,7.68,0.18,1.18,85.23,0.0,2,0.005,3.6,7.679999828,0.048,199,0.015,0.09,19,157,255,77,0.97,7,2,0.61,0.053,0.9,0.0,0.2
YOGURT,"YOGURT,PLN,LOFAT,12 GRAMS PROT PER 8 OZ",Яйца и Молочные продукты,Йогурт,"Обезжиренный, 12 Г Белка На 226 Г",63,5.25,7.04,1.55,1.09,85.07,0.0,6,0.004,3.3,7.039999962,0.044,183,0.013,0.08,17,144,234,70,0.89,51,14,0.56,0.049,0.8,0.03,0.2
YOGURT,"YOGURT,PLN,WHL MILK,8 GRAMS PROT PER 8 OZ",Яйца и Молочные продукты,Йогурт,"Цельное Молоко, 8 Г Белка На 226 Г",61,3.47,4.66,3.25,0.72,87.9,0.0,13,0.004,2.2,4.659999847,0.029,121,0.009,0.05,12,95,155,46,0.59,99,27,0.37,0.032,0.5,0.06,0.2
MILK,"MILK,GOAT,FLUID",Яйца и Молочные продукты,Молоко,"Козье, Жидкое",69,3.56,4.45,4.14,0.82,87.03,0.0,11,0.018,1.4,4.449999809,0.048,134,0.046,0.05,14,111,204,50,0.3,198,57,0.07,0.046,1.3,0.07,0.3
MILK,"MILK,DRY,WHOLE",Яйца и Молочные продукты,Молоко,"Сухое, Цельное",496,26.32,38.42,26.71,6.08,2.47,0.0,97,0.04,16.3,38.41999817,0.283,912,0.08,0.47,85,776,1330,371,3.34,915,257,3.25,0.302,8.6,0.48,1.8
MILK,"MILK,WHL,3.25% MILKFAT",Яйца и Молочные продукты,Молоко,"Цельное, 3.25% Жирности",60,3.22,4.52,3.25,0.69,88.32,0.0,10,0.003,3.7,5.260000229,0.044,113,0.011,0.03,10,91,143,40,0.4,102,28,0.44,0.036,0.0,0.06,0.2
WHEY,"WHEY,ACID,FLUID",Яйца и Молочные продукты,Сыворотка,"Кислотная, Жидкая",24,0.76,5.12,0.09,0.61,93.42,0.0,1,0.002,1.8,5.1199998860000004,0.042,103,0.003,0.08,10,78,143,48,0.43,7,2,0.18,0.042,0.1,0.0,0.0
WHEY,"WHEY,ACID,DRIED",Яйца и Молочные продукты,Сыворотка,"Кислотная, Сухая",339,11.73,73.45,0.54,10.77,3.51,0.0,3,0.015,27.3,73.44999695,0.622,2054,0.05,1.24,199,1349,2289,968,6.31,59,17,2.5,0.62,0.9,0.0,0.0
WHEY,"WHEY,SWEET,FLUID",Яйца и Молочные продукты,Сыворотка,"Сладкая, Жидкая",27,0.85,5.14,0.36,0.53,93.12,0.0,2,0.001,1.9,5.139999866,0.036,47,0.004,0.06,8,46,161,54,0.13,12,3,0.28,0.031,0.1,0.0,0.0
WHEY,"WHEY,SWEET,DRIED",Яйца и Молочные продукты,Сыворотка,"Сладкая, Сухая",353,12.93,74.46,1.07,8.35,3.19,0.0,6,0.009,27.2,74.45999908,0.519,796,0.07,0.88,176,932,2080,1079,1.97,30,8,2.37,0.584,1.5,0.02,0.1
EGG,"EGG,TURKEY,WHL,FRSH,RAW",Яйца и Молочные продукты,Яйцо,Индюшиное,171,13.68,1.15,11.88,0.79,72.5,0.0,933,0.038,34.3,0.0,0.11,99,0.062,4.1,13,170,142,151,1.58,554,166,1.69,0.131,0.0,0.0,0.0
EGG,"EGG,WHOLE,RAW,FRESH",Яйца и Молочные продукты,Яйцо,Куринное,143,12.58,0.77,9.94,0.86,75.84,0.0,423,0.038,31.7,0.769999981,0.069,53,0.102,1.83,12,191,134,140,1.11,487,140,1.29,0.143,0.0,0.97,0.3
EGG,"EGG,WHITE,RAW,FRESH",Яйца и Молочные продукты,Яйцо,"Куринное, Белок",48,10.9,0.73,0.17,0.63,87.57,0.0,0,0.011,20.0,0.709999979,0.004,7,0.023,0.08,11,15,163,166,0.03,0,0,0.09,0.005,0.0,0.0,0.0
EGG,"EGG,YOLK,RAW,FRSH",Яйца и Молочные продукты,Яйцо,"Куринное, Желток",317,15.86,3.59,26.54,1.71,52.31,0.0,1234,0.055,56.0,0.560000002,0.176,129,0.077,2.73,5,390,109,48,2.3,1442,381,1.95,0.35,0.0,2.58,0.7
EGG,"EGG,QUAIL,WHOLE,FRESH,RAW",Яйца и Молочные продукты,Яйцо,Перепелиное,158,13.05,0.41,11.09,1.1,74.35,0.0,844,0.038,32.0,0.409999996,0.13,64,0.062,3.65,13,226,132,141,1.47,543,156,1.58,0.15,0.0,1.08,0.3
